{
	
	"combatSmallForSmallFleet":{
		"rat_merrow_Attack":10,
		"rat_merrow_Support":6,
		
		"rat_chuul_Attack":2,
		"rat_chuul_Strike":2,
		"rat_chuul_Support":0.5,
		"rat_chuul_Override":0.25,
	},
	
	"combatSmall":{
		"rat_merrow_Attack":10,
		"rat_merrow_Support":6,
		
		"rat_chuul_Attack":2,
		"rat_chuul_Strike":2,
		"rat_chuul_Support":0.5,
		"rat_chuul_Override":0.25,
	},
	"combatMedium":{
		"rat_chuul_Attack":10,
		"rat_chuul_Strike":10,
		"rat_chuul_Support":2,
		"rat_chuul_Override":0.5,
	},
	"combatLarge":{
		
		"rat_aboleth_m_Attack":3.5,
		"rat_aboleth_m_Strike":1.5,
		"rat_aboleth_m_Support":0.5,
	},
	"combatCapital":{		
		"rat_morkoth_Attack":5,
		"rat_morkoth_Support":1,
	},
}
