{
	
	"combatSmallForSmallFleet":{
		"rat_merrow_Attack":10,
		"rat_merrow_Support":3,
		
		"rat_chuul_Attack":2,
		"rat_chuul_Strike":2,
		"rat_chuul_Support":0.5,
		"rat_chuul_Override_Chronos":0.25,
	},
	
	"combatSmall":{
		"rat_merrow_Attack":10,
		"rat_merrow_Support":3,
		
		"rat_chuul_Attack":2,
		"rat_chuul_Strike":2,
		"rat_chuul_Support":0.5,
		"rat_chuul_Override_Chronos":0.25,
	},
	"combatMedium":{
		"rat_chuul_Attack":10,
		"rat_chuul_Strike":10,
		"rat_chuul_Support":2,
		"rat_chuul_Override_Chronos":1,
	},
	"combatLarge":{
		
		"rat_aboleth_m_Attack_Chronos":3.5,
		"rat_aboleth_m_Strike_Cosmos":1.5,
		"rat_aboleth_m_Support_Cosmos":0.5,
		"rat_aboleth_m_Override_Chronos":0.25,
	},
	"combatCapital":{		
		"rat_morkoth_Attack":5,
		"rat_morkoth_Support":1,
	},
}
