id,type,text1,text2,text3,text4,notes
,,,,,,
,,,,,,
,,,,,,
#Abyss,,,,,,
rat_fracture,CUSTOM,"A condensed area of abyssal matter, it's intense gravitational forces creating passage between the different zones of the abyss. ",,,,
rat_abyss_rift_entrance,CUSTOM,"A heavily distorted area of spacetime. Closing in on it causes the rift to appear bigger and bigger, until it eventualy completely surrounds what approaches it. Something seems to be generating it from inside.",,,,
rat_abyss_rift_station,CUSTOM,A lone station standing in the center of this anomaly. This rift in spacetime seems to be generated by it.,,,,
,,,,,,
,,,,,,
rat_domain_research,CUSTOM,"An abandoned research station. Despite cycles of inoperation, due to isolation from the sector it remains relatively untouched.",,,,
rat_abyss_beacon,CUSTOM,A small transmitter equipped with scientific instruments.,,,,
rat_abyss_cache,CUSTOM,A lost crate of cargo.,,,,
rat_abyss_outpost,CUSTOM,An abandoned outpost once used for reaching further in to the abyss. It may proof worthwhile as a place to dock and repair.,,,,
,,,,,,
rat_abyss_photosphere,CUSTOM,"This anomalyous object appears to perform active fusion with abyssal matter gathered from around its vicinity. It doesnt appear to generate much heat or radiation, but emits a steady amount of light.",,,,
,,,,,,
rat_chronos_core,RESOURCE,"An evolved form of an Alpha Core AI, having performed countless numbers of modifications on its own kind to bring it in to this state. Through research of the abyss, it has managed to get a strong grasp on the concept of time.",,,,
rat_cosmos_core,RESOURCE,"An evolved form of an Alpha Core AI, having performed countless numbers of modifications on its own kind to bring it in to this state. Through research of the abyss, it has managed to get a strong grasp on the concept of space.",,,,
,,,,,,
rat_merrow,SHIP,"An autonomous hull from the depths of the abyss. It can be asumed to originate from the original exploration of the abyssal space, done by small expedition fleets from the domain hundreds of cycles ago, then left isolated since the collapse.",,,,
rat_chuul,SHIP,"An autonomous hull from the depths of the abyss. It can be asumed to originate from the original exploration of the abyssal space, done by small expedition fleets from the domain hundreds of cycles ago, then left isolated since the collapse.",,,,
rat_aboleth,SHIP,"An autonomous hull from the depths of the abyss. It can be asumed to originate from the original exploration of the abyssal space, done by small expedition fleets from the domain hundreds of cycles ago, then left isolated since the collapse.",,,,
rat_aboleth_m,SHIP,"An autonomous hull from the depths of the abyss. It can be asumed to originate from the original exploration of the abyssal space, done by small expedition fleets from the domain hundreds of cycles ago, then left isolated since the collapse.",,,,
rat_morkoth,SHIP,"An autonomous hull from the depths of the abyss. It can be asumed to originate from the original exploration of the abyssal space, done by small expedition fleets from the domain hundreds of cycles ago, then left isolated since the collapse.",,,,
,,,,,,
,,,,,,
merrow_system,SHIP_SYSTEM,"The ship has an adaptive shipsystem that will change depending on the active AI core. Without a core, the shipsystem can not be activated. Using a chronos core, the shipsystem increases the firerate of ballistic and energy weapons, with a cosmos core, it is able to vent hardflux with the shields active.",,,,
chuul_system,SHIP_SYSTEM,"The ship has an adaptive shipsystem that will change depending on the active AI core. Without a core, the shipsystem can not be activated. A chronos core allows the ship to teleport in the direction it is traveling, while a cosmos core will increase damage dealt by all weapons.",,,,
aboleth_system,SHIP_SYSTEM,"The ship has an adaptive shipsystem that will change depending on the active AI core. Without a core, the shipsystem can not be activated. A chronos core increases the ships timeflow, and the cosmos core enables the ship to enter p-space.",,,,
morkoth_system,SHIP_SYSTEM,"The ship has an adaptive shipsystem that will change depending on the active AI core. Without a core, the shipsystem can not be activated. With a chronos core, the ship gets a brief but strong boost in maneuverability, where as with a cosmos core it is able to turn shield damage taken in to several beneficial buffs.",,,,
,,,,,,
,,,,,,
rat_shortfin,WEAPON,A rapid fire point defense weapon that can deal with a variety of threats at a low flux cost.,,,,
rat_humpback,WEAPON,"A long range blaster that poses a steady threat against enemy shields. Due to special properties of the projectiles plasma, impacts on hull can temporarily weaken the effectiveness of the targets armor.",,,,
rat_haddock,WEAPON,"A large blaster that can easily supress enemy shields. Thanks to special properties of the projectiles plasma, impacts on hull can temporarily weaken the effectiveness of the targets armor.",,,,
rat_leviathan,WEAPON,"The leviathan is a long-range railgun that is able to to hurt enemy defenses in all situations, but is especialy capable against targets without active shields.",,,,
,,,,,,
rat_seadragon_rack,WEAPON,Fires a seadragon DEMs that unleashes energy bursts upon the target. They are exceptional at making captains second-guess their decisions to put down their shields. Can recharge their ammunition over time.,,,,
rat_seadragon,WEAPON,Fires multiple seadragon DEMs that unleash energy bursts upon the target. They are exceptional at making captains second-guess their decisions to put down their shields. Can recharge their ammunition over time.,,,,
,,,,,,
rat_asterina,WEAPON,"A small beam weapon that is capable of reliably supressing enemy shields, however it's effectiveness falls of as the targets flux level rises.",,,,
rat_asterias,WEAPON,"A beam weapon that is capable of reliably supressing enemy shields, however it's effectiveness falls of as the targets flux level rises.",,,,
rat_seabream,WEAPON,A burst beam weapon that can do effective damage against the targets armor. It can store multiple charges to fire again in quick succession.,,,,
,,,,,,
,,,,,,
#Modular,,,,,,
modular_weapon_0,WEAPON,A modular weapon crafted according to the captains design. ,,,,
modular_weapon_1,WEAPON,A modular weapon crafted according to the captains design. ,,,,
modular_weapon_2,WEAPON,A modular weapon crafted according to the captains design. ,,,,
modular_weapon_3,WEAPON,A modular weapon crafted according to the captains design. ,,,,
modular_weapon_4,WEAPON,A modular weapon crafted according to the captains design. ,,,,
modular_weapon_5,WEAPON,A modular weapon crafted according to the captains design. ,,,,
modular_weapon_6,WEAPON,A modular weapon crafted according to the captains design. ,,,,
modular_weapon_7,WEAPON,A modular weapon crafted according to the captains design. ,,,,
modular_weapon_8,WEAPON,A modular weapon crafted according to the captains design. ,,,,
,,,,,,
,,,,,,
rat_weapon_salvage,RESOURCE,"Components recovered from weapons that were beyond saving. 

",,,,
,,,,,,
,,,,,,
,,,,,,
,,,,,,
,,,,,,
,,,,,,
#Joke Content,,,,,,
rat_jeff_core,RESOURCE,"What at first seems to be just a rat, is actually the result of Tri-Tachyon AI Core research. They seem to have managed to integrate a shrunken gamma-core in to a living being and connect it to its brain.
This seems to have given Jeff the required intelligence to become sentient. While he lacks the required organs to talk, he is more than happy to communicate through the comm network, and is according to himself, quite skilled at administrating colonies.",,,,
