trail,projectile,sprite,minLength,fadeIn,duration,fadeOut,sizeIn,sizeOut,colorIn,colorOut,opacity,textLength,textScroll,randomTextureOffset,distance,dispersion,drift,frameOffsetMult,fadeOnFadeOut,angleAdjustment,additive,velocityIn,velocityOut,randomVelocity,angle,rotationIn,rotationOut,randomRotation,renderBelowExplosions
,,,,,,,,,,,,,,,,,,,,,,,,,,,,,
#String trail: projectile ID plus a suffix if there are multiple trails for that proj,,,,,,,,,,,,,,,,,,,,,,,,,,,,,
#String projectile: projectile ID,,,,,,,,,,,,,,,,,,,,,,,,,,,,,
#String sprite: sprite ID in data\config\settings.json: in the graphics\fx category,,,,,,,,,,,,,,,,,,,,,,,,,,,,,
#float minLength: minimal segment length. Saves performances especially when time warp in involved,,,,,,,,,,,,,,,,,,,,,,,,,,,,,
#   !!!! Can be set to a negative value to triggers a more optimized SLOW MODE for projectiles with speeds below 500. !!!!,,,,,,,,,,,,,,,,,,,,,,,,,,,,,
#float fadeIn: fade in time in seconds,,,,,,,,,,,,,,,,,,,,,,,,,,,,,
#float duration: full opacity duration in seconds,,,,,,,,,,,,,,,,,,,,,,,,,,,,,
#float fadeOut: fadeout time in seconds,,,,,,,,,,,,,,,,,,,,,,,,,,,,,
#float sizeIn: initial width,,,,,,,,,,,,,,,,,,,,,,,,,,,,,
#float sizeOut: final width,,,,,,,,,,,,,,,,,,,,,,,,,,,,,
#Color colorIn: initial color,,,,,,,,,,,,,,,,,,,,,,,,,,,,,
#Color colorOut: final color,,,,,,,,,,,,,,,,,,,,,,,,,,,,,
#float opacity: maximum opacity clamp,,,,,,,,,,,,,,,,,,,,,,,,,,,,,
#float textLength: texture length in pixels,,,,,,,,,,,,,,,,,,,,,,,,,,,,,
#float textScroll: texture scroll speed in pixels per seconds,,,,,,,,,,,,,,,,,,,,,,,,,,,,,
#boolean randomTextureOffset: does the trail always start from the base of the texture,,,,,,,,,,,,,,,,,,,,,,,,,,,,,
#float distance: distance behind the proj the trail spawns,,,,,,,,,,,,,,,,,,,,,,,,,,,,,
#float dispersion: amount of randomization per second in su,,,,,,,,,,,,,,,,,,,,,,,,,,,,,
#float drift: amount of sideway motion inherited from the ship is applied to the trail,,,,,,,,,,,,,,,,,,,,,,,,,,,,,
#float frameOffsetMult: fixes some small offset between the proj and the trail that can occur with some combination of inherited lateral motion, distance and drift,,,,,,,,,,,,,,,,,,,,,,,,,,,,
#boolean fadeOnFadeOut: forced fadeout if the proj fades,,,,,,,,,,,,,,,,,,,,,,,,,,,,,
#boolean angleAdjustment reorient the projectile in the direction of the velocity rather than the proj facing. To be used with drift<1 so that both te trail and proj have the same orientation,,,,,,,,,,,,,,,,,,,,,,,,,,,,,
#   !!!! Must be FALSE for BALLISTIC_AS_BEAM projs !!!!,,,,,,,,,,,,,,,,,,,,,,,,,,,,,
#boolean additive: normal or additive blending,,,,,,,,,,,,,,,,,,,,,,,,,,,,,
#float velocityIn: speed at which the trail segments are emited at in su,,,,,,,,,,,,,,,,,,,,,,,,,,,,,
#float velocityOut: final speed of the trail segments,,,,,,,,,,,,,,,,,,,,,,,,,,,,,
#float randomVelocity: randomize both velocityIn and out in that proportion.,,,,,,,,,,,,,,,,,,,,,,,,,,,,,
#float angle: offset angle of the trail relative to the projectile orientation after corrections if any (default 0 for directly backward),,,,,,,,,,,,,,,,,,,,,,,,,,,,,
#float rotationIn: initial angular momentum of the trail segments relative to the projectile,,,,,,,,,,,,,,,,,,,,,,,,,,,,,
#float rotationOut: final angular momentum of the trail segments,,,,,,,,,,,,,,,,,,,,,,,,,,,,,
#boolean randomRotation: randomize the angular momentums. ,,,,,,,,,,,,,,,,,,,,,,,,,,,,,
#   Can be used to create non-linear dispersion effects when used with various velocities and angular momentums,,,,,,,,,,,,,,,,,,,,,,,,,,,,,
#boolean renderBelowExplosions: render the trail under explosions and other particle effects. Mostly used with non additive trails,,,,,,,,,,,,,,,,,,,,,,,,,,,,,
#float frameOffsetMult: scales the per-frame velocity offset (only necessary for overkill levels of control with default x1 multiplier).,,,,,,,,,,,,,,,,,,,,,,,,,,,,,
,,,,,,,,,,,,,,,,,,,,,,,,,,,,,
#EXAMPLE,,,,,,,,,,,,,,,,,,,,,,,,,,,,,
#SKR_blackout_shot,SKR_blackout_shot,SKR_fuzzyTrail,10,0.1,0.1,0.5,24,12,"[25,200,150]","[50,100,200]",0.5,-128,-256,TRUE,10,0,0,0,FALSE,FALSE,TRUE,50,0,0,0,0,180,true,false
,,,,,,,,,,,,,,,,,,,,,,,,,,,,,
Rat-Humpback,rat_humpback_shot,base_trail_smooth,5,0,0.1,0.15,7.5,3,"[38,82,171]","[0,247,177]",1,-128,-256,TRUE,0,0,1,0,TRUE,FALSE,TRUE,50,0,0,0,0,180,true,false
,,,,,,,,,,,,,,,,,,,,,,,,,,,,,
Rat-Daddock,rat_haddock_shot,base_trail_smooth,5,0,0.1,0.2,15,5,"[145,9,224]","[247,62,0]",1,-128,-256,TRUE,0,0,1,0,TRUE,FALSE,TRUE,50,0,0,0,0,180,true,false
,,,,,,,,,,,,,,,,,,,,,,,,,,,,,
,,,,,,,,,,,,,,,,,,,,,,,,,,,,,
,,,,,,,,,,,,,,,,,,,,,,,,,,,,,
,,,,,,,,,,,,,,,,,,,,,,,,,,,,,
Rat-Leviathan1,rat_leviathan_shot,base_trail_zapWithCore,10,0,0.1,0.2,7.5,7.5,"[207,6,73]","[207,6,73]",0.8,-128,-256,TRUE,20,0,1,0,TRUE,FALSE,TRUE,50,0,0,0,0,0,true,false
Rat-Leviathan2,rat_leviathan_shot,base_trail_zap,10,0,0.1,0.4,7.5,7.5,"[207,6,73]","[227,185,18]",0.8,-128,-256,TRUE,20,0,1,0,TRUE,FALSE,TRUE,50,0,2,0,180,180,true,false
Rat-Leviathan3,rat_leviathan_shot,base_trail_zap,10,0,0.1,0.4,7.5,7.5,"[207,6,73]","[227,171,18]",0.8,-128,-256,TRUE,20,0,1,0,TRUE,FALSE,TRUE,50,0,2,0,-180,-180,true,false
,,,,,,,,,,,,,,,,,,,,,,,,,,,,,
,,,,,,,,,,,,,,,,,,,,,,,,,,,,,
,,,,,,,,,,,,,,,,,,,,,,,,,,,,,
,,,,,,,,,,,,,,,,,,,,,,,,,,,,,