{	


	"rat_abyss_fracture":{
		"defaultName":"Fracture", # used if name=null in addCustomEntity()
		"defaultRadius":100, # used if radius<0 in addCustomEntity()
		"nameInText":"Abyssal Fracture",
		"shortName":"fracture",
		"customDescriptionId":"rat_fracture",
		"icon":"graphics/icons/icon_portal.png",
		"iconWidth":40,
		"iconHeight":40,
		"iconColor":[250,50,50,255],
		"nameColor":[250,50,50,255],
		"nameShadowColor":[0,0,0,255],
		"renderShadow":false,
		"useLightColor":true,
		"showInCampaign":true,
		"showIconOnMap":true,
		"showNameOnMap":false,
		"interactable":true,
		"renderCircleIndicator":false,
		"renderCircleIndicatorSelectionFlash":false,
		"tags":[],
		"layers":[TERRAIN_SLIPSTREAM], # what layer(s) to render in. See CampaignEngineLayers.java for possible values
		"pluginClass":"assortment_of_things.abyss.entities.AbyssalFracture",
	},
	
	"rat_abyss_fracture_jumpvisual":{
		"defaultName":"", # used if name=null in addCustomEntity()
		"defaultRadius":100, # used if radius<0 in addCustomEntity()
		"nameInText":"Abyssal Fracture",
		"shortName":"fracture",
		"icon":"graphics/icons/icon_portal.png",
		"iconWidth":40,
		"iconHeight":40,
		"iconColor":[250,50,50,255],
		"nameColor":[250,50,50,255],
		"nameShadowColor":[0,0,0,255],
		"renderShadow":false,
		"useLightColor":true,
		"showInCampaign":true,
		"showIconOnMap":false,
		"showNameOnMap":false,
		"interactable":false,
		"renderCircleIndicator":false,
		"renderCircleIndicatorSelectionFlash":false,
		"tags":[],
		"layers":[TERRAIN_SLIPSTREAM], # what layer(s) to render in. See CampaignEngineLayers.java for possible values
		"pluginClass":"assortment_of_things.abyss.entities.AbyssalFractureJumpvisual",
	},
	
	"rat_abyss_research":{
		"defaultName":"Research Station", # used if name=null in addCustomEntity()
		"defaultRadius":60, # used if radius<0 in addCustomEntity()
		"nameInText":"research station",
		"shortName":"station",
		"customDescriptionId":"rat_domain_research",
		"interactionImage":"graphics/illustrations/rat_abyss_entity.jpg",
		"icon":"graphics/icons/station0.png",
		"iconColor":[0,150,100,255],
		"iconWidth":20,
		"iconHeight":20,
		"sprite":"graphics/stations/rat_domain_research_station.png",
		"spriteWidth":80,
		"spriteHeight":80,
		"renderShadow":true,
		"useLightColor":true,
		"showInCampaign":true,
		"showIconOnMap":true,
		"showNameOnMap":false,
		"scaleNameWithZoom":false,
		"scaleIconWithZoom":true,
		"detectionRange":5000,
		"discoverable":true,
		"tags":["has_interaction_dialog", "neutrino"],
		"layers":[TERRAIN_7A], # what layer(s) to render in. See CampaignEngineLayers.java for possible values
		"pluginClass":"assortment_of_things.abyss.entities.DomainResearchStation",
	},
	
	"rat_abyss_transmitter":{
		"defaultName":"Transmitter", # used if name=null in addCustomEntity()
		"defaultRadius":40, # used if radius<0 in addCustomEntity()
		"detectionRange":1500, # must be >0 for discoverable/discoveryXP to be used
		"discoverable":true,
		"discoveryXP":500,
		"icon":"graphics/icons/warning_beacon.png",
		"iconColor":[0,230,150,255],
		"iconWidth":24,
		"iconHeight":24,
		"spriteWidth":64,
		"spriteHeight":64,
		"showInCampaign":true,
		"showIconOnMap":true,
		"scaleIconWithZoom":true,
		"customDescriptionId":"rat_abyss_beacon",
		"interactionImage":"graphics/illustrations/rat_abyss_entity.jpg",
		"tags":["has_interaction_dialog", "neutrino_high"],
		"layers":[TERRAIN_7A], # what layer(s) to render in. See CampaignEngineLayers.java for possible values
		"pluginClass":"assortment_of_things.abyss.entities.AbyssTransmitter",
	},
	
	"rat_abyss_cache":{
		"defaultName":"Lost Crate", # used if name=null in addCustomEntity()
		"defaultRadius":30, # used if radius<0 in addCustomEntity()
		"detectionRange":1500, # must be >0 for discoverable/discoveryXP to be used
		"discoverable":true,
		"discoveryXP":500,
		"sprite":"graphics/stations/rat_abyss_cache.png",
		"icon":"graphics/icons/cache0.png",
		"iconColor":[0,230,150,255],
		"iconWidth":24,
		"iconHeight":24,
		"spriteWidth":32,
		"spriteHeight":32,
		"showInCampaign":true,
		"showIconOnMap":true,
		"scaleIconWithZoom":true,
		"customDescriptionId":"rat_abyss_cache",
		"interactionImage":"graphics/illustrations/rat_abyss_entity.jpg",
		"tags":["has_interaction_dialog", "neutrino_high"],
		"layers":[TERRAIN_7A], # what layer(s) to render in. See CampaignEngineLayers.java for possible values
		"pluginClass":"assortment_of_things.abyss.entities.AbyssCache",
	},
	
	"rat_abyss_outpost":{
		"defaultName":"Abyss Outpost", # used if name=null in addCustomEntity()
		"defaultRadius":60, # used if radius<0 in addCustomEntity()
		"detectionRange":1500, # must be >0 for discoverable/discoveryXP to be used
		"discoverable":true,
		"discoveryXP":500,
		"sprite":"graphics/stations/rat_outpost_station.png",
		"icon":"graphics/icons/station0.png",
		"iconColor":[0,200,130,255],
		"iconWidth":24,
		"iconHeight":24,
		"spriteWidth":50,
		"spriteHeight":50,
		"showInCampaign":true,
		"showIconOnMap":true,
		"scaleIconWithZoom":true,
		"customDescriptionId":"rat_abyss_outpost",
		"interactionImage":"graphics/illustrations/rat_abyss_entity.jpg",
		"tags":["has_interaction_dialog", "neutrino_high", "station"],
		"layers":[TERRAIN_7A], # what layer(s) to render in. See CampaignEngineLayers.java for possible values
		"pluginClass":"assortment_of_things.abyss.entities.AbyssOutpost",
	},
	
	"rat_abyss_icon":{
		"defaultName":"Unknown Entity", # used if name=null in addCustomEntity()
		"defaultRadius":0, # used if radius<0 in addCustomEntity()
		"icon":"graphics/icons/debris_field_icon.png",
		"iconColor":[0,150,100,200],
		"iconWidth":32,
		"iconHeight":32,
		"spriteWidth":32,
		"spriteHeight":32,
		"showInCampaign":true,
		"showIconOnMap":true,
		"scaleIconWithZoom":true,
		"tags":[],
		"layers":[TERRAIN_7A], # what layer(s) to render in. See CampaignEngineLayers.java for possible values
		"pluginClass":"assortment_of_things.abyss.entities.AbyssMapIcon",
	},
	
	"rat_abyss_hostile_icon":{
		"defaultName":"Hostile Fleet", # used if name=null in addCustomEntity()
		"defaultRadius":0, # used if radius<0 in addCustomEntity()
		"icon":"graphics/icons/fleet0.png",
		"iconColor":[240, 53, 29, 150],
		"iconWidth":40,
		"iconHeight":32,
		"spriteWidth":32,
		"spriteHeight":32,
		"showInCampaign":true,
		"showIconOnMap":true,
		"scaleIconWithZoom":true,
		"tags":[],
		"layers":[TERRAIN_7A], # what layer(s) to render in. See CampaignEngineLayers.java for possible values
		"pluginClass":"assortment_of_things.abyss.entities.AbyssMapIcon",
	},
	
	"rat_lightsource":{
		"defaultName":"", # used if name=null in addCustomEntity()
		"defaultRadius":0, # used if radius<0 in addCustomEntity()
		"showInCampaign":true,
		"showIconOnMap":false,
		"scaleIconWithZoom":true,
		"tags":[],
		"layers":[ABOVE], # what layer(s) to render in. See CampaignEngineLayers.java for possible values
		"pluginClass":"assortment_of_things.abyss.entities.AbyssalLightsource",
	},
	
	"rat_abyss_photosphere":{
		"defaultName":"Photosphere", # used if name=null in addCustomEntity()
		"defaultRadius":100, # used if radius<0 in addCustomEntity()
		"nameInText":"photosphere",
		"shortName":"photosphere",
		"customDescriptionId":"rat_abyss_photosphere",
		"interactionImage":"graphics/illustrations/rat_abyss_entity.jpg",
		"icon":"graphics/planets/sun_halo.png",
		"iconColor":[250,0, 100,255],
		"iconWidth":64,
		"iconHeight":64,
		"renderShadow":true,
		"useLightColor":true,
		"showInCampaign":true,
		"showIconOnMap":true,
		"showNameOnMap":true,
		"scaleNameWithZoom":false,
		"scaleIconWithZoom":true,
		"tags":[],
		"layers":[TERRAIN_7A, ABOVE], 
		"pluginClass":"assortment_of_things.abyss.entities.AbyssalPhotosphere",
		"renderCircleIndicator":false,
		"renderCircleIndicatorSelectionFlash":false,
	},
	
	
	"rat_abyss_jumpvisual":{
		"defaultName":"Test", # used if name=null in addCustomEntity()
		"defaultRadius":30, # used if radius<0 in addCustomEntity()
		
		
		"showInCampaign":true,
		"showIconOnMap":true,
		"scaleIconWithZoom":true,
		"customDescriptionId":"test",
		
		
		"layers":[TERRAIN_1], # what layer(s) to render in. See CampaignEngineLayers.java for possible values
		"pluginClass":"assortment_of_things.abyss.entities.JumpVisualEntity",
	},
}


