{
    # Reserved engine style ids (can not be used):
    # "CUSTOM"

    "ABYSSAL":{
        "mode":"QUAD_STRIP", # PARTICLES or QUAD_STRIP, determines which params are used
		"contrailDuration":0,
		"contrailWidthMult":0.67,
		"contrailWidthAddedFractionAtEnd":-1f,  # can be negative. makes trail spread out/narrow at the end
		"contrailMinSeg":5, # min segment length, in pixels
		"contrailMaxSpeedMult":1f,
		"contrailAngularVelocityMult":0f,
		
		"type":"GLOW", # GLOW or SMOKE; additive or regular blend mode
						
		"glowSprite":"graphics/fx/rat_abyssal_glow.png",
		"glowOutline":"graphics/fx/rat_abyssal_flame.png",
		"omegaMode":true,
		"glowSizeMult":0.5,
		"glowAlternateColor":[130, 27, 150,255],
		
		"engineColor":[130, 27, 150,255],
		"contrailColor":[130, 27, 150,75],
        "contrailCampaignColor":[130, 27, 150, 50],
		
    },
	
	"ABYSSAL_NOTRAIL":{
        "mode":"QUAD_STRIP", # PARTICLES or QUAD_STRIP, determines which params are used
		"contrailDuration":0,
		"contrailWidthMult":0.67,
		"contrailWidthAddedFractionAtEnd":-1f,  # can be negative. makes trail spread out/narrow at the end
		"contrailMinSeg":5, # min segment length, in pixels
		"contrailMaxSpeedMult":1f,
		"contrailAngularVelocityMult":0f,
		
		"type":"GLOW", # GLOW or SMOKE; additive or regular blend mode
						
		"glowSprite":"graphics/fx/rat_abyssal_glow.png",
		"glowOutline":"graphics/fx/rat_abyssal_flame.png",
		"omegaMode":true,
		"glowSizeMult":0.5,
		"glowAlternateColor":[130, 27, 150,255],
		
		"engineColor":[130, 27, 150,255],
		"contrailColor":[130, 27, 150,75],
        "contrailCampaignColor":[130, 27, 150, 50],
		
    },
	
	"ABYSSAL_NOGLOW":{
        "mode":"QUAD_STRIP", # PARTICLES or QUAD_STRIP, determines which params are used
		"contrailDuration":0,
		"contrailWidthMult":0.67,
		"contrailWidthAddedFractionAtEnd":-1f,  # can be negative. makes trail spread out/narrow at the end
		"contrailMinSeg":5, # min segment length, in pixels
		"contrailMaxSpeedMult":1f,
		"contrailAngularVelocityMult":0f,
		
		"type":"GLOW", # GLOW or SMOKE; additive or regular blend mode
						
		"glowSprite":"graphics/fx/rat_abyssal_glow.png",
		"glowOutline":"graphics/fx/rat_abyssal_flame.png",
		"omegaMode":true,
		"glowSizeMult":0.0,
		"glowAlternateColor":[130, 27, 150,255],
		
		"engineColor":[130, 27, 150,255],
		"contrailColor":[130, 27, 150,75],
        "contrailCampaignColor":[130, 27, 150, 50],
		
    },
}