{
	# The following hull style ids are reserved and can not be used:
	# "sounds", "DEFAULT", "FIGHTER", "FRIGATE", "DESTROYER", "CRUISER", "CAPITAL_SHIP"
	
	"ABYSSAL":{
		"hyperspaceJitterColor":[16, 154, 100,255],
		"baseCampaignExplosionColor":[16, 154, 100,255],
		"baseCombatExplosionColor":[16, 154, 100,255], # smooth flash
		"combatExplosionNonFlashColorOverride":[16, 154, 100,255], # the more billowy explosion
		"fighterRepairFlickerColor":[16, 154, 100,255],
		"fighterChipIconColor":[16, 154, 100,255],
		"weaponDisabledExplosionColor":[16, 154, 100,255],
		"shieldRingColor":[255,255,255,255],
		"shieldInnerColor":[16, 154, 100,50],
		"fluxVentCoreColor":[255,255,255,255],
		"fluxVentFringeColor":[16, 154, 100,255],
		"engineLoopSet":"engine_loop", 					# id of entry in sounds.json
		"engineAccelerateSet":"engine_accelerate",		# id of entry in sounds.json
		"empLoopSet":"emp_loop",						# id of entry in sounds.json
		"fluxLoopSet":"flux_loop",						# id of entry in sounds.json
		"ventFluxSet":"vent_flux",						# id of entry in sounds.json
		"shieldBurnoutSet":"shield_burnout",			# id of entry in sounds.json
		"shieldLowerSet":"shield_lower",				# id of entry in sounds.json
		"shieldRaiseSet":"shield_raise",				# id of entry in sounds.json
		"explosionShipSet":"explosion_ship",			# id of entry in sounds.json
		"damageDecalSheet":"graphics/damage/damage_decal_sheet_base.png",
		"damageDecalGlowSheet":"graphics/damage/damage_decal_sheet_glow.png",
		
		#"colorShiftCovers":true,
		"coversColorShiftAmount":1,  # 0 to 1
		"coversMatchShipBrightness":true,
		"slotCoverSmallTurret":"graphics/weapons/covers/rat_empty_cover.png",
		"slotCoverSmallHardpoint":"graphics/weapons/covers/rat_empty_cover.png",
		"slotCoverMediumTurret":"graphics/weapons/covers/rat_empty_cover.png",
		"slotCoverMediumHardpoint":"graphics/weapons/covers/rat_empty_cover.png",
		"slotCoverLargeTurret":"graphics/weapons/covers/rat_empty_cover.png",
		"slotCoverLargeHardpoint":"graphics/weapons/covers/rat_empty_cover.png",
		
		"dHullOverlayLight":"graphics/damage/dmod_overlay_hightech_light.png",
		"dHullOverlayMedium":"graphics/damage/dmod_overlay_hightech_medium.png",
		"dHullOverlayHeavy":"graphics/damage/dmod_overlay_hightech_heavy.png",
	},
}



