fieldID,fieldName,fieldType,defaultValue,secondaryValue,fieldDescription,minValue,maxValue,tab
,,,,,,,,
#Expansion,,,,,,,,
rat_abyssHeader,The Abyss (Beta),Header,The Abyss (Beta),,,,,Expansion
rat_abyssEnabled,Enable The Abyss,Boolean,false,,"The abyss is a new area focused on [Exploration]. It adds a variety of new loot to find.

For the [Beta], the player starts with the [Singularity Jump] ability, which allows entry in to the abyss from the start of the game.

Enabling it generates it in a [new save], or any existing save that is [loaded with this config enabled].",,,Expansion
rat_abyssDifficulty,Abyss Difficulty,Radio,Normal,"Normal, Hard","Changes the difficulty curve of the abyss.

Hard-mode severely increases the strength of encountered fleets within the abyss. Also adds slight player fleet scaling, if the player over powers them a lot.",,,Expansion
rat_abyssCredits,,Text,"[Credits:]
[SnazzyPantsMcGee] - Spritework
[Haplogynae] - Music
[Niatahl] & [Ruddygreat] - Helped with some VFX",,,,,Expansion
,,,,,,,,
#Enhancements,,,,,,,,
rat_parallelHeader,Parallel Construction,Header,Parallel Construction,,,,,Enhancement
rat_parallelEnabled,Enable Parallel Construction,Boolean,false,,"Removes the queue system in Colony Construction, allowing everything to be built at the same time.",,,Enhancement
rat_parallelApplyToNPCs,Apply to NPCs,Boolean,false,,"If set to true and parallel construction is enabled, it will apply the same effect to NPC markets.",,,Enhancement
,,,,,,,,
rat_miscHeader,Miscellaneous,Header,Miscellaneous,,,,,Enhancement
rat_forceDisableHelp,Force disable help-popups,Boolean,false,,"Disables help popups in a save even if they were enabled during save creation. Only refreshes on save reloads or newly created saves, [does not re-enable] help-popups if disabled.",,,Enhancement
,,,,,,,,
,,,,,,,,
#Procgen,,,,,,,,
rat_procgenHeader,Procedual Generation Tweaks,Header,Procedual Generation Config,,,,,Procgen
rat_procgenText,,Text,"Changes to how starsectors procedual generation works. 
This section is basicly a simplified and more idiot-proof version of Adjusted Sector.
[If Adjusted Sector is installed], this Section is completly [ignored] and Adjusted Sectors configs are used instead.",,,,,Procgen
rat_systemScaleV2,Change amount of generated Systems,Radio,Vanilla,"Vanilla, 150%, 200%, 250%","Changes the amount of generated Systems. 
An increase in generated systems come with a [heavy performance cost].

Vanilla Themes will scale with the amount of systems, Modded Themes may not.",,,Procgen
rat_hyperspaceCloudsMod,Hyperspace Clouds Spawn Modifier,Double,0.8,,"Lets you modify how many hyperspace clouds spawn. Vanilla uses a value of 0.8. A lower value will spawn less of them, with a value of 0 spawning none. ",0,1.0,Procgen
#rat_improvedMisc,Improved Miscellaneous Theme,Boolean,false,,"Improves the ""Miscellaneous"" Theme. Starsector generates this theme as a filler for whatever system didnt receive anything special during procgen. In Vannila, those systems rarely give anything of worth, often spawning completely empty systems. Toggling this will prevent those from ever being empty, and gives them a lot more loot.",,,Procgen
,,,,,,,,
rat_lootHeader,Loot Tweaks,Header,Loot Tweaks,,,,,Procgen
rat_hullmodBPLootFrequency,Hullmod BP Loot Frequency,Double,1,,"Multiplies the amount of Hullmod Blueprints being dropped from Salvaging. Useful for when you are playing with lots of mods which add their own hullmods.

Can be changed mid-save.",1.0,3.0,Procgen
rat_shipBPLootFrequency,Ship BP Loot Frequency,Double,1,,"Multiplies the amount of Ship Blueprints being dropped from Salvaging. Useful for when you are playing with lots of mods which add ships to the same loot-pool. Due to ship blueprints selling for a high price, this option can become quite overpowered if set to high.

Can be changed mid-save.",1.0,3.0,Procgen
,,,,,,,,
,,,,,,,,
#UI,,,,,,,,
rat_UIHeader,Minimap,Header,Minimap,,,,,UI
rat_enableMinimap,Enable Minimap,Boolean,false,,"Replaces the [Campaign Radar] with an interactable minimap that shows information for the current location. Requires a [save-reload] to be enabled/disabled.

The view centers on the fleets location and can not be manualy moved, unless the game is currently paused.

[Warning]: This is relatively performance expensive, especialy so in hyperspace if the amount of generated systems has been increased.",,,UI
rat_minimapShape,Minimap Shape,Radio,Wide,"Wide, Square","Sets the form-factor of the minimap.
""Wide"" takes up more space, but should be easier to interact with, where as ""Square"" will take up around the same space as the Radar.
",,,UI
rat_minimapStarscape,Starscape Mode,Boolean,false,,"Displays the minimap in ""Starscape"" mode when in Hyperspace. Looks nicer, but can not display sensor activity, slipstreams or hyperspace clouds.",,,UI
rat_minimapFuel,Enable Fuel Overlay,Boolean,true,,"Shows the fuel range overlay on the minimap in hyperspace. 
",,,UI
,,,,,,,,
rat_modularHeader,Modular Weapons,Header,Modular Weapons,,,,,Legacy
rat_modularEnabled,Enable Modular Weapons,Boolean,false,,"[Legacy Content]. As i am not super happy with the results and the project has been creatively draining, its unlikely that it will receive further updates, but as i know some enjoy the feature, it will remain in the mod for now under this category.

Adds [Modular Superweapons]. With them you can select multiple effects of your choice on to a variety of presets. Those weapons tend to be much stronger than average by design.

Toggling this config only has an effect for [new games]. Enabling it will give the player an ability called ""Weapon Forge"" at the beginning of the game.

",,,Legacy
rat_modularDevmode,Enable Modular Devmode,Boolean,false,,Removes crafting costs for Modular Weapons and displays all modifiers even if they are not unlocked yet.,,,Legacy
,,,,,,,,