{

#collapseopen MUSIC
	
"music":{
		####################################
		# "source" can also be a directory #
		####################################

		"rat_music_abyss":[
			{"file":"rat_abyss_theme.ogg","source":"sounds/rat/music","volume":1},
			
		],
		
	
# collapseclose
	},

	
 	"abyss_haddock":[
		{"file":"sounds/sfx_wpn_energy/antimatter_blaster_fire_01.ogg","pitch":0.9,"volume":0.8},
	],

	"abyss_humpback":[
		{"file":"sounds/sfx_wpn_energy/antimatter_blaster_fire_01.ogg","pitch":0.8,"volume":0.75},
	],

	"abyss_leviathan":[
		{"file":"sounds/sfx_wpn_energy/rift_explosion_01.ogg","pitch":0.9,"volume":0.8},
		{"file":"sounds/sfx_wpn_energy/rift_explosion_01.ogg","pitch":1.1,"volume":0.8},
		{"file":"sounds/sfx_wpn_energy/rift_explosion_01.ogg","pitch":1.0,"volume":0.8},
		{"file":"sounds/sfx_wpn_energy/rift_explosion_02.ogg","pitch":0.9,"volume":0.8},
		{"file":"sounds/sfx_wpn_energy/rift_explosion_02.ogg","pitch":1.1,"volume":0.8},
		{"file":"sounds/sfx_wpn_energy/rift_explosion_02.ogg","pitch":1.0,"volume":0.8},
		{"file":"sounds/sfx_wpn_energy/rift_explosion_03.ogg","pitch":0.9,"volume":0.8},
		{"file":"sounds/sfx_wpn_energy/rift_explosion_03.ogg","pitch":1.1,"volume":0.8},
		{"file":"sounds/sfx_wpn_energy/rift_explosion_03.ogg","pitch":1.0,"volume":0.8},
	],
	
	 "seadragon_payload_fire":
    [
            {"file":"sounds/sfx_wpn_missiles/dragonfire_dem_payload_01.ogg","pitch":1.0,"volume":0.3},
    ],



}
