name,id,demand class,base price,export value,price variability,utility,origin,tags,stack size,cargo space,icon,sound id,sound id drop,order,economyTier,econUnitOrigUnused,econUnit,baseRaidDanger,eU * base value,iconWidthMult,plugin,desc
Chronos Core,rat_chronos_core,survey_data,,,0,50,,"nonecon, no_loss_from_combat",1000,1,graphics/icons/cargo/rat_chronos_core.png,ai_core_pickup,ui_alpha_core_drop,40,,,,HIGH,,1,,
Cosmos Core,rat_cosmos_core,survey_data,,,0,50,,"nonecon, no_loss_from_combat",1000,1,graphics/icons/cargo/rat_cosmos_core.png,ai_core_pickup,ui_alpha_core_drop,40,,,,HIGH,,1,,
,,,,,,,,,,,,,,,,,,,,,,
Salvaged Weapon Components,rat_weapon_salvage,rat_weapon_salvage,10,,0,1,,"nonecon, meta",1000,1,graphics/icons/cargo/rat_weapon_salvage.png,ui_chip_pickup,ui_modspec_drop,34,,,,HIGH,,1,,
,,,,,,,,,,,,,,,,,,,,,,