name,id,flux/second,f/s (base rate),f/s (base cap),flux/use,f/u (base rate),f/u (base cap),cr/u,max uses,regen,charge up,active,down,cooldown,toggle,noDissipation,noHardDissipation,hardFlux,noFiring,noTurning,noStrafing,noAccel,noShield,noVent,isPhaseCloak,tags,icon
,,,,,,,,,,,,,,,,,,,,,,,,,,,
,,,,,,,,,,,,,,,,,,,,,,,,,,,
,,,,,,,,,,,,,,,,,,,,,,,,,,,
,,,,,,,,,,,,,,,,,,,,,,,,,,,
,,,,,,,,,,,,,,,,,,,,,,,,,,,
Abyssal Core,merrow_system,,,,,,,,,,0.3,5,0.3,16,,,,,,,,,,,,,graphics/icons/hullsys/ammo_feeder.png
Abyssal Core,chuul_system,,,,,,,,3,1,0.25,0.01,0.25,0,,,,,,,,,,,,,graphics/icons/hullsys/ammo_feeder.png
Abyssal Core,aboleth_system,,,,,,,,,,0.5,6,0.5,15,TRUE,,,,,,,,,,,,graphics/icons/hullsys/phase_cloak.png
Abyssal Core,morkoth_system,,,,,,,,2,0.04,0.25,3,0.25,3,,,,,,,,,,TRUE,,,graphics/icons/hullsys/phase_cloak.png