id,name,order,tier,reqPoints,reqPointsPerExtraSkill,description,author,combat officer,admiral,admin,tags,icon,
rat_core_time,Deity of Time,5000,1,0,,[INACCESSIBLE DATA],???,TRUE,FALSE,FALSE,"npc_only, ai_core_only",graphics/icons/skills/rat_skill_time.png,
rat_core_space,Deity of Space,5001,1,0,,[INACCESSIBLE DATA],???,TRUE,FALSE,FALSE,"npc_only, ai_core_only",graphics/icons/skills/rat_skill_space.png,
,,,,,,,,,,,,,
,,,,,,,,,,,,,
rat_abyss_cores_aptitude,,0,,,,,,,,,npc_only,graphics/icons/skills/category_combat.png,